location,total_rides,avg_fare,avg_distance
Suburbs,10,55.23499999999999,25.976
Downtown,8,71.41000000000001,29.557499999999997
Airport,3,47.12,25.496666666666666
