location,total_rides,avg_fare,avg_distance
Suburbs,6,76.43166666666667,35.97666666666667
Downtown,9,74.54555555555554,30.761111111111106
Airport,14,46.996428571428574,21.130000000000003
