location,total_rides,avg_fare,avg_distance
Suburbs,7,66.33142857142856,26.222857142857144
Downtown,13,71.97615384615385,29.84
Airport,9,61.592222222222226,31.674444444444443
