location,total_rides,avg_fare,avg_distance
Suburbs,9,71.94555555555556,27.504444444444445
Downtown,4,74.2525,26.4175
Airport,8,69.50125,31.759999999999998
