location,total_rides,avg_fare,avg_distance
Suburbs,9,57.547777777777775,31.456666666666667
Downtown,14,76.22071428571428,32.628571428571426
Airport,6,50.916666666666664,23.93833333333333
